,FCP,MAE,RMSE,k,similarity_metric,user-based?,algorithm
0,0.676326258693,0.833734774099,1.05315176164,10,cosine,True,100k_KNNBasic_Results.csv
1,0.689170929289,0.818498215685,1.03351163556,20,cosine,True,100k_KNNBasic_Results.csv
2,0.692599848473,0.814294451457,1.02756106566,30,cosine,True,100k_KNNBasic_Results.csv
3,0.694070349856,0.813218863737,1.02569626943,40,cosine,True,100k_KNNBasic_Results.csv
4,0.692821723817,0.813102935497,1.02499164325,50,cosine,True,100k_KNNBasic_Results.csv
5,0.692324736737,0.813327857314,1.0247453161,60,cosine,True,100k_KNNBasic_Results.csv
6,0.691919031933,0.813816354044,1.02495567447,70,cosine,True,100k_KNNBasic_Results.csv
7,0.690556721305,0.814447226156,1.02532046877,80,cosine,True,100k_KNNBasic_Results.csv
8,0.69043901629,0.815121728585,1.02574313986,90,cosine,True,100k_KNNBasic_Results.csv
9,0.689928154778,0.815692405293,1.02599136714,100,cosine,True,100k_KNNBasic_Results.csv
10,0.472080357878,0.885034594666,1.11205191512,10,cosine,False,100k_KNNBasic_Results.csv
11,0.514035294238,0.845218175572,1.0633024645,20,cosine,False,100k_KNNBasic_Results.csv
12,0.54103936918,0.831569955608,1.04681828029,30,cosine,False,100k_KNNBasic_Results.csv
13,0.561692472813,0.825818969783,1.03968821742,40,cosine,False,100k_KNNBasic_Results.csv
14,0.576871017082,0.823377427566,1.03656669611,50,cosine,False,100k_KNNBasic_Results.csv
15,0.587358126989,0.822763032593,1.03530607607,60,cosine,False,100k_KNNBasic_Results.csv
16,0.592309528985,0.823321964481,1.03536412378,70,cosine,False,100k_KNNBasic_Results.csv
17,0.597394483887,0.82439265239,1.03579526905,80,cosine,False,100k_KNNBasic_Results.csv
18,0.599039048054,0.825729386203,1.03670549856,90,cosine,False,100k_KNNBasic_Results.csv
19,0.600165435538,0.827113191099,1.03766230756,100,cosine,False,100k_KNNBasic_Results.csv
20,0.680424669446,0.795377739629,1.00797483601,10,msd,True,100k_KNNBasic_Results.csv
21,0.692937313733,0.784914497311,0.993739541931,20,msd,True,100k_KNNBasic_Results.csv
22,0.69554007087,0.785031434473,0.992988568284,30,msd,True,100k_KNNBasic_Results.csv
23,0.695803116011,0.787022599014,0.994526211753,40,msd,True,100k_KNNBasic_Results.csv
24,0.69495774907,0.789327065666,0.996594233543,50,msd,True,100k_KNNBasic_Results.csv
25,0.694858577906,0.791522535004,0.998587553705,60,msd,True,100k_KNNBasic_Results.csv
26,0.694367534296,0.79361821418,1.00075110735,70,msd,True,100k_KNNBasic_Results.csv
27,0.694404972995,0.795287323721,1.00242993518,80,msd,True,100k_KNNBasic_Results.csv
28,0.693395023499,0.796834610372,1.00400653632,90,msd,True,100k_KNNBasic_Results.csv
29,0.692381056227,0.798314594309,1.0054649465,100,msd,True,100k_KNNBasic_Results.csv
30,0.581085695859,0.811824901976,1.02640050558,10,msd,False,100k_KNNBasic_Results.csv
31,0.621047678048,0.79048818209,0.998635437603,20,msd,False,100k_KNNBasic_Results.csv
32,0.640276069948,0.785486927848,0.991764306174,30,msd,False,100k_KNNBasic_Results.csv
33,0.651416695977,0.785075862742,0.990718028313,40,msd,False,100k_KNNBasic_Results.csv
34,0.658552468882,0.786464065883,0.991562553241,50,msd,False,100k_KNNBasic_Results.csv
35,0.663432471655,0.78835270493,0.993425645102,60,msd,False,100k_KNNBasic_Results.csv
36,0.666445890857,0.790769602988,0.995804528395,70,msd,False,100k_KNNBasic_Results.csv
37,0.669180799414,0.793240325961,0.998100072705,80,msd,False,100k_KNNBasic_Results.csv
38,0.671069519853,0.795790202983,1.00052383377,90,msd,False,100k_KNNBasic_Results.csv
39,0.672548465214,0.798055422243,1.00272515351,100,msd,False,100k_KNNBasic_Results.csv
40,0.676536362361,0.834683749112,1.05016436121,10,pearson,True,100k_KNNBasic_Results.csv
41,0.687434347295,0.819714078393,1.03094816339,20,pearson,True,100k_KNNBasic_Results.csv
42,0.690460872805,0.815708475202,1.02578581325,30,pearson,True,100k_KNNBasic_Results.csv
43,0.691419620714,0.814403202138,1.02407295351,40,pearson,True,100k_KNNBasic_Results.csv
44,0.692270219063,0.813882267953,1.02341455772,50,pearson,True,100k_KNNBasic_Results.csv
45,0.692385344008,0.813779603406,1.02312382218,60,pearson,True,100k_KNNBasic_Results.csv
46,0.692505539688,0.813807124186,1.0230204415,70,pearson,True,100k_KNNBasic_Results.csv
47,0.692423831585,0.813804867004,1.0229840838,80,pearson,True,100k_KNNBasic_Results.csv
48,0.692605660457,0.813801882857,1.02295042032,90,pearson,True,100k_KNNBasic_Results.csv
49,0.692450640644,0.813844083774,1.02300718605,100,pearson,True,100k_KNNBasic_Results.csv
50,0.485853454052,0.892883646926,1.11213908227,10,pearson,False,100k_KNNBasic_Results.csv
51,0.509344627729,0.860117694974,1.07187419013,20,pearson,False,100k_KNNBasic_Results.csv
52,0.523912780913,0.847989167712,1.05750822304,30,pearson,False,100k_KNNBasic_Results.csv
53,0.534718508973,0.841983263385,1.05091150915,40,pearson,False,100k_KNNBasic_Results.csv
54,0.54264560813,0.838425746636,1.04719112015,50,pearson,False,100k_KNNBasic_Results.csv
55,0.548210405363,0.836209424054,1.04493781439,60,pearson,False,100k_KNNBasic_Results.csv
56,0.552391555612,0.834845946061,1.04353942813,70,pearson,False,100k_KNNBasic_Results.csv
57,0.555373678299,0.834006496548,1.04268412962,80,pearson,False,100k_KNNBasic_Results.csv
58,0.557917901903,0.833391811387,1.0420638129,90,pearson,False,100k_KNNBasic_Results.csv
59,0.560104837752,0.832951146497,1.04160336697,100,pearson,False,100k_KNNBasic_Results.csv
60,0.686402672343,0.818229204959,1.03201832099,10,pearson_baseline,True,100k_KNNBasic_Results.csv
61,0.693892357,0.807966680542,1.01907208361,20,pearson_baseline,True,100k_KNNBasic_Results.csv
62,0.69556981137,0.806343794967,1.01675714587,30,pearson_baseline,True,100k_KNNBasic_Results.csv
63,0.696077094095,0.806050335854,1.01623860109,40,pearson_baseline,True,100k_KNNBasic_Results.csv
64,0.696500167463,0.80610101196,1.01628210107,50,pearson_baseline,True,100k_KNNBasic_Results.csv
65,0.696171155271,0.806272193659,1.01644362315,60,pearson_baseline,True,100k_KNNBasic_Results.csv
66,0.696122501716,0.806349209604,1.01651905677,70,pearson_baseline,True,100k_KNNBasic_Results.csv
67,0.695893714896,0.806418273623,1.01657654769,80,pearson_baseline,True,100k_KNNBasic_Results.csv
68,0.695884112624,0.806503675231,1.01666464479,90,pearson_baseline,True,100k_KNNBasic_Results.csv
69,0.69582818376,0.806544441508,1.01669845226,100,pearson_baseline,True,100k_KNNBasic_Results.csv
70,0.638246161855,0.802722635363,1.02634625559,10,pearson_baseline,False,100k_KNNBasic_Results.csv
71,0.64764049557,0.795704832165,1.01319535102,20,pearson_baseline,False,100k_KNNBasic_Results.csv
72,0.65140187794,0.795690624557,1.01077989799,30,pearson_baseline,False,100k_KNNBasic_Results.csv
73,0.652728783267,0.796431172785,1.01023009721,40,pearson_baseline,False,100k_KNNBasic_Results.csv
74,0.652711569716,0.797251162989,1.01037037581,50,pearson_baseline,False,100k_KNNBasic_Results.csv
75,0.652245006825,0.797847026187,1.01056705069,60,pearson_baseline,False,100k_KNNBasic_Results.csv
76,0.651224108835,0.798373727308,1.01081835136,70,pearson_baseline,False,100k_KNNBasic_Results.csv
77,0.650597487249,0.798638656201,1.01098343026,80,pearson_baseline,False,100k_KNNBasic_Results.csv
78,0.649988639977,0.798853381533,1.0111403186,90,pearson_baseline,False,100k_KNNBasic_Results.csv
79,0.649382967134,0.798992695552,1.01124625954,100,pearson_baseline,False,100k_KNNBasic_Results.csv
80,0.660674825161,0.789306336442,0.996885373449,10,cosine,True,100k_KNNWithMeans_Results.csv
81,0.67843051405,0.771099757459,0.974667215458,20,cosine,True,100k_KNNWithMeans_Results.csv
82,0.686018622239,0.76474483683,0.967811147006,30,cosine,True,100k_KNNWithMeans_Results.csv
83,0.687746910687,0.762345519849,0.964849957996,40,cosine,True,100k_KNNWithMeans_Results.csv
84,0.6879965756,0.760795376697,0.963372631636,50,cosine,True,100k_KNNWithMeans_Results.csv
85,0.688312199226,0.759964489142,0.962793727582,60,cosine,True,100k_KNNWithMeans_Results.csv
86,0.688036951639,0.759737657091,0.962725779787,70,cosine,True,100k_KNNWithMeans_Results.csv
87,0.687570790753,0.759533968722,0.962855167445,80,cosine,True,100k_KNNWithMeans_Results.csv
88,0.68691128393,0.759591112759,0.963149574614,90,cosine,True,100k_KNNWithMeans_Results.csv
89,0.686483480446,0.759726122147,0.96353758721,100,cosine,True,100k_KNNWithMeans_Results.csv
90,0.663764778471,0.777981305714,0.990392442199,10,cosine,False,100k_KNNWithMeans_Results.csv
91,0.68006955362,0.757561443282,0.963579712044,20,cosine,False,100k_KNNWithMeans_Results.csv
92,0.686816989144,0.751198230176,0.955521512217,30,cosine,False,100k_KNNWithMeans_Results.csv
93,0.689812367032,0.74837892955,0.952163518859,40,cosine,False,100k_KNNWithMeans_Results.csv
94,0.691527258804,0.747398319127,0.950615707335,50,cosine,False,100k_KNNWithMeans_Results.csv
95,0.692543485315,0.746822420864,0.949931461965,60,cosine,False,100k_KNNWithMeans_Results.csv
96,0.693071468586,0.746659158015,0.949612828364,70,cosine,False,100k_KNNWithMeans_Results.csv
97,0.693275553526,0.746634686864,0.949532687454,80,cosine,False,100k_KNNWithMeans_Results.csv
98,0.693267671937,0.74693095938,0.949823882067,90,cosine,False,100k_KNNWithMeans_Results.csv
99,0.693311062906,0.747148700621,0.950050771435,100,cosine,False,100k_KNNWithMeans_Results.csv
100,0.664241924334,0.778869624065,0.98631428976,10,msd,True,100k_KNNWithMeans_Results.csv
101,0.681736537448,0.763537466742,0.967303190799,20,msd,True,100k_KNNWithMeans_Results.csv
102,0.68695218607,0.758534000074,0.961678083798,30,msd,True,100k_KNNWithMeans_Results.csv
103,0.688765165074,0.756711194256,0.959644220052,40,msd,True,100k_KNNWithMeans_Results.csv
104,0.689747054653,0.755892959678,0.958999079427,50,msd,True,100k_KNNWithMeans_Results.csv
105,0.690189729142,0.755613724492,0.958838978039,60,msd,True,100k_KNNWithMeans_Results.csv
106,0.689409916344,0.755536640227,0.958947077995,70,msd,True,100k_KNNWithMeans_Results.csv
107,0.689019782088,0.755606222343,0.959171462326,80,msd,True,100k_KNNWithMeans_Results.csv
108,0.688918502903,0.755859894631,0.959497642566,90,msd,True,100k_KNNWithMeans_Results.csv
109,0.688017306632,0.756138025472,0.959852816001,100,msd,True,100k_KNNWithMeans_Results.csv
110,0.669837390307,0.762404279866,0.972595633961,10,msd,False,100k_KNNWithMeans_Results.csv
111,0.683801909508,0.746953192819,0.952172942015,20,msd,False,100k_KNNWithMeans_Results.csv
112,0.68867931414,0.742744851562,0.946555757641,30,msd,False,100k_KNNWithMeans_Results.csv
113,0.691327960078,0.741020351215,0.944147085345,40,msd,False,100k_KNNWithMeans_Results.csv
114,0.692504767487,0.740673771662,0.943436211111,50,msd,False,100k_KNNWithMeans_Results.csv
115,0.692911492675,0.740602547195,0.943189548115,60,msd,False,100k_KNNWithMeans_Results.csv
116,0.69316478914,0.740958847631,0.943362799392,70,msd,False,100k_KNNWithMeans_Results.csv
117,0.693118089804,0.741292645256,0.943663192906,80,msd,False,100k_KNNWithMeans_Results.csv
118,0.693142029337,0.741743539657,0.944080305886,90,msd,False,100k_KNNWithMeans_Results.csv
119,0.693061526237,0.742190076516,0.944514039448,100,msd,False,100k_KNNWithMeans_Results.csv
120,0.666924556991,0.777127587339,0.989430484025,10,pearson,True,100k_KNNWithMeans_Results.csv
121,0.68402809661,0.760143683781,0.968563516694,20,pearson,True,100k_KNNWithMeans_Results.csv
122,0.687818951502,0.755123296488,0.962743936967,30,pearson,True,100k_KNNWithMeans_Results.csv
123,0.690375997428,0.753398059741,0.960653939771,40,pearson,True,100k_KNNWithMeans_Results.csv
124,0.691235237527,0.752712021957,0.959905663756,50,pearson,True,100k_KNNWithMeans_Results.csv
125,0.691306039298,0.752586530787,0.959693190613,60,pearson,True,100k_KNNWithMeans_Results.csv
126,0.691514299767,0.752467494335,0.959581622986,70,pearson,True,100k_KNNWithMeans_Results.csv
127,0.691512019218,0.752539466432,0.959583874542,80,pearson,True,100k_KNNWithMeans_Results.csv
128,0.691468748187,0.75257400539,0.95960591467,90,pearson,True,100k_KNNWithMeans_Results.csv
129,0.691720090138,0.752638068744,0.959652442344,100,pearson,True,100k_KNNWithMeans_Results.csv
130,0.665944854208,0.773399051827,0.986842770102,10,pearson,False,100k_KNNWithMeans_Results.csv
131,0.682005747041,0.75563675016,0.964117083178,20,pearson,False,100k_KNNWithMeans_Results.csv
132,0.688312299733,0.749724480695,0.956660730571,30,pearson,False,100k_KNNWithMeans_Results.csv
133,0.691012026885,0.747432478756,0.953726271156,40,pearson,False,100k_KNNWithMeans_Results.csv
134,0.692492129416,0.746516332065,0.952344144407,50,pearson,False,100k_KNNWithMeans_Results.csv
135,0.693368770289,0.746125822991,0.951708864115,60,pearson,False,100k_KNNWithMeans_Results.csv
136,0.693961280086,0.745857257346,0.951337639249,70,pearson,False,100k_KNNWithMeans_Results.csv
137,0.694233160237,0.745651647394,0.95110357237,80,pearson,False,100k_KNNWithMeans_Results.csv
138,0.694531813319,0.745648319744,0.951041187787,90,pearson,False,100k_KNNWithMeans_Results.csv
139,0.69456145787,0.745615424374,0.950984355048,100,pearson,False,100k_KNNWithMeans_Results.csv
140,0.682992195872,0.75190140186,0.966149498129,10,pearson_baseline,True,100k_KNNWithMeans_Results.csv
141,0.689743806602,0.744274182582,0.954825648588,20,pearson_baseline,True,100k_KNNWithMeans_Results.csv
142,0.690866211135,0.743461677481,0.952884751344,30,pearson_baseline,True,100k_KNNWithMeans_Results.csv
143,0.690886882682,0.743564015402,0.952562123749,40,pearson_baseline,True,100k_KNNWithMeans_Results.csv
144,0.691395681617,0.743826879872,0.952524742306,50,pearson_baseline,True,100k_KNNWithMeans_Results.csv
145,0.691016889059,0.744209283098,0.952738471802,60,pearson_baseline,True,100k_KNNWithMeans_Results.csv
146,0.690781088578,0.744490936788,0.952910730313,70,pearson_baseline,True,100k_KNNWithMeans_Results.csv
147,0.690910444704,0.74465935639,0.953041266964,80,pearson_baseline,True,100k_KNNWithMeans_Results.csv
148,0.690786835682,0.744763812128,0.953112986573,90,pearson_baseline,True,100k_KNNWithMeans_Results.csv
149,0.69076758542,0.744826524967,0.95315865942,100,pearson_baseline,True,100k_KNNWithMeans_Results.csv
150,0.700886860151,0.741486710495,0.952435700199,10,pearson_baseline,False,100k_KNNWithMeans_Results.csv
151,0.706486405551,0.734894635463,0.941510869863,20,pearson_baseline,False,100k_KNNWithMeans_Results.csv
152,0.707983645181,0.733883741713,0.939605490901,30,pearson_baseline,False,100k_KNNWithMeans_Results.csv
153,0.708139503953,0.733876270055,0.939092613874,40,pearson_baseline,False,100k_KNNWithMeans_Results.csv
154,0.707640863552,0.73408222461,0.939079136288,50,pearson_baseline,False,100k_KNNWithMeans_Results.csv
155,0.707291084956,0.734339735643,0.939208135391,60,pearson_baseline,False,100k_KNNWithMeans_Results.csv
156,0.707016891263,0.734537913726,0.939333984236,70,pearson_baseline,False,100k_KNNWithMeans_Results.csv
157,0.706936016117,0.734652310246,0.939394720494,80,pearson_baseline,False,100k_KNNWithMeans_Results.csv
158,0.706815845559,0.734710690584,0.939434727763,90,pearson_baseline,False,100k_KNNWithMeans_Results.csv
159,0.706672692701,0.734773162573,0.939484664543,100,pearson_baseline,False,100k_KNNWithMeans_Results.csv
160,0.661616100309,0.783337940095,0.995562256894,10,cosine,True,100k_KNNWithZScore_Results.csv
161,0.680243565077,0.764347020505,0.970480244705,20,cosine,True,100k_KNNWithZScore_Results.csv
162,0.686342938783,0.758591076199,0.963729133136,30,cosine,True,100k_KNNWithZScore_Results.csv
163,0.689665974877,0.755402254107,0.960102194588,40,cosine,True,100k_KNNWithZScore_Results.csv
164,0.688803841471,0.754071601302,0.958821239607,50,cosine,True,100k_KNNWithZScore_Results.csv
165,0.688928254353,0.753510416012,0.95830695957,60,cosine,True,100k_KNNWithZScore_Results.csv
166,0.688400474348,0.753242715393,0.958287450956,70,cosine,True,100k_KNNWithZScore_Results.csv
167,0.688266034788,0.753166667889,0.958367585954,80,cosine,True,100k_KNNWithZScore_Results.csv
168,0.687911678851,0.75312959177,0.958634290855,90,cosine,True,100k_KNNWithZScore_Results.csv
169,0.687096630866,0.75341311273,0.959068546793,100,cosine,True,100k_KNNWithZScore_Results.csv
170,0.664036713232,0.777633063693,0.989902865176,10,cosine,False,100k_KNNWithZScore_Results.csv
171,0.679812918017,0.757049990418,0.964011276565,20,cosine,False,100k_KNNWithZScore_Results.csv
172,0.687387623292,0.74995249127,0.954479117562,30,cosine,False,100k_KNNWithZScore_Results.csv
173,0.690308568725,0.747084657335,0.950673899561,40,cosine,False,100k_KNNWithZScore_Results.csv
174,0.69213934239,0.745665661562,0.948707839574,50,cosine,False,100k_KNNWithZScore_Results.csv
175,0.692998083249,0.744913822786,0.9479618937,60,cosine,False,100k_KNNWithZScore_Results.csv
176,0.693425069301,0.744791213125,0.947754394895,70,cosine,False,100k_KNNWithZScore_Results.csv
177,0.693492135308,0.74486209438,0.947945889148,80,cosine,False,100k_KNNWithZScore_Results.csv
178,0.692865786414,0.745343480644,0.948335656858,90,cosine,False,100k_KNNWithZScore_Results.csv
179,0.692585184128,0.74571518225,0.948820360174,100,cosine,False,100k_KNNWithZScore_Results.csv
180,0.667027980396,0.772658566471,0.983736263559,10,msd,True,100k_KNNWithZScore_Results.csv
181,0.682697143511,0.756708198584,0.963509276341,20,msd,True,100k_KNNWithZScore_Results.csv
182,0.687544360039,0.752255863612,0.957904232034,30,msd,True,100k_KNNWithZScore_Results.csv
183,0.690718972358,0.750261239104,0.955529732658,40,msd,True,100k_KNNWithZScore_Results.csv
184,0.690474510778,0.74969569603,0.954858804864,50,msd,True,100k_KNNWithZScore_Results.csv
185,0.690300350836,0.749295044033,0.954540620608,60,msd,True,100k_KNNWithZScore_Results.csv
186,0.690597814552,0.749458886546,0.954805190644,70,msd,True,100k_KNNWithZScore_Results.csv
187,0.690530157383,0.74946207798,0.954971752938,80,msd,True,100k_KNNWithZScore_Results.csv
188,0.690037042202,0.74982539855,0.955388282489,90,msd,True,100k_KNNWithZScore_Results.csv
189,0.689819735564,0.7501112107,0.955773586381,100,msd,True,100k_KNNWithZScore_Results.csv
190,0.668988291995,0.762141466791,0.973019462563,10,msd,False,100k_KNNWithZScore_Results.csv
191,0.683494285592,0.745519118563,0.951044933811,20,msd,False,100k_KNNWithZScore_Results.csv
192,0.688927121964,0.740826218871,0.944754880652,30,msd,False,100k_KNNWithZScore_Results.csv
193,0.691482284126,0.739217476133,0.94228518263,40,msd,False,100k_KNNWithZScore_Results.csv
194,0.69269869049,0.738954303378,0.941429338741,50,msd,False,100k_KNNWithZScore_Results.csv
195,0.693179167598,0.738977225391,0.941378181968,60,msd,False,100k_KNNWithZScore_Results.csv
196,0.693468862751,0.739344445128,0.941640762929,70,msd,False,100k_KNNWithZScore_Results.csv
197,0.69331611161,0.739844545862,0.942044097481,80,msd,False,100k_KNNWithZScore_Results.csv
198,0.693271284894,0.740442389379,0.942577575018,90,msd,False,100k_KNNWithZScore_Results.csv
199,0.693009236888,0.740850202047,0.942939353066,100,msd,False,100k_KNNWithZScore_Results.csv
200,0.670464751158,0.767141722461,0.981446284223,10,pearson,True,100k_KNNWithZScore_Results.csv
201,0.686366826704,0.752517758192,0.962446751659,20,pearson,True,100k_KNNWithZScore_Results.csv
202,0.691329660882,0.748316312034,0.956881789652,30,pearson,True,100k_KNNWithZScore_Results.csv
203,0.692833829007,0.746489669527,0.954689409752,40,pearson,True,100k_KNNWithZScore_Results.csv
204,0.693418803139,0.745845953591,0.953903026971,50,pearson,True,100k_KNNWithZScore_Results.csv
205,0.693179842503,0.745642653997,0.953586895642,60,pearson,True,100k_KNNWithZScore_Results.csv
206,0.69342939844,0.745495797747,0.953410204144,70,pearson,True,100k_KNNWithZScore_Results.csv
207,0.693285722828,0.745532777034,0.953411147107,80,pearson,True,100k_KNNWithZScore_Results.csv
208,0.693472142253,0.745610714637,0.953481211362,90,pearson,True,100k_KNNWithZScore_Results.csv
209,0.693444514006,0.745671402485,0.953554056926,100,pearson,True,100k_KNNWithZScore_Results.csv
210,0.666521422466,0.770844620531,0.982474261712,10,pearson,False,100k_KNNWithZScore_Results.csv
211,0.681935675566,0.753688427865,0.961178898862,20,pearson,False,100k_KNNWithZScore_Results.csv
212,0.687879613024,0.747756178465,0.953803121912,30,pearson,False,100k_KNNWithZScore_Results.csv
213,0.690892815473,0.745510596129,0.950985141627,40,pearson,False,100k_KNNWithZScore_Results.csv
214,0.692528007176,0.744533901889,0.949608470308,50,pearson,False,100k_KNNWithZScore_Results.csv
215,0.693145954123,0.74401324704,0.94899757454,60,pearson,False,100k_KNNWithZScore_Results.csv
216,0.693718572858,0.743761605671,0.948642095232,70,pearson,False,100k_KNNWithZScore_Results.csv
217,0.694075962991,0.743640936523,0.948457993656,80,pearson,False,100k_KNNWithZScore_Results.csv
218,0.694266020917,0.743548222225,0.948350010678,90,pearson,False,100k_KNNWithZScore_Results.csv
219,0.694348911611,0.743541352782,0.948312391484,100,pearson,False,100k_KNNWithZScore_Results.csv
220,0.686736886786,0.742897250389,0.95898183957,10,pearson_baseline,True,100k_KNNWithZScore_Results.csv
221,0.692223357282,0.737102362738,0.949045096162,20,pearson_baseline,True,100k_KNNWithZScore_Results.csv
222,0.692996945216,0.736523297355,0.947079269231,30,pearson_baseline,True,100k_KNNWithZScore_Results.csv
223,0.693725726258,0.736758500248,0.946708953579,40,pearson_baseline,True,100k_KNNWithZScore_Results.csv
224,0.693775681319,0.737073639796,0.946762042269,50,pearson_baseline,True,100k_KNNWithZScore_Results.csv
225,0.693900467043,0.737440833709,0.947002338797,60,pearson_baseline,True,100k_KNNWithZScore_Results.csv
226,0.693935003538,0.737676238078,0.947115697278,70,pearson_baseline,True,100k_KNNWithZScore_Results.csv
227,0.694047659671,0.737887102714,0.947263871658,80,pearson_baseline,True,100k_KNNWithZScore_Results.csv
228,0.694090399823,0.738000662555,0.947343790829,90,pearson_baseline,True,100k_KNNWithZScore_Results.csv
229,0.694125344096,0.738077188836,0.947390852458,100,pearson_baseline,True,100k_KNNWithZScore_Results.csv
230,0.702486755163,0.738926805604,0.948669800146,10,pearson_baseline,False,100k_KNNWithZScore_Results.csv
231,0.708171928428,0.73211248926,0.9376515458,20,pearson_baseline,False,100k_KNNWithZScore_Results.csv
232,0.709030336686,0.731394005366,0.935988073495,30,pearson_baseline,False,100k_KNNWithZScore_Results.csv
233,0.70883882718,0.731464471397,0.935634336373,40,pearson_baseline,False,100k_KNNWithZScore_Results.csv
234,0.70848838006,0.731660778366,0.935620684677,50,pearson_baseline,False,100k_KNNWithZScore_Results.csv
235,0.708184093781,0.731825137238,0.935660133751,60,pearson_baseline,False,100k_KNNWithZScore_Results.csv
236,0.707845492256,0.731987228097,0.935758767731,70,pearson_baseline,False,100k_KNNWithZScore_Results.csv
237,0.707601672145,0.732122070176,0.935851310121,80,pearson_baseline,False,100k_KNNWithZScore_Results.csv
238,0.707420633112,0.732198470605,0.935910530328,90,pearson_baseline,False,100k_KNNWithZScore_Results.csv
239,0.707242928694,0.732250886797,0.935954455876,100,pearson_baseline,False,100k_KNNWithZScore_Results.csv
240,0.677000075431,0.764606657632,0.966216943221,10,cosine,True,100k_KNNBaseline_Results.csv
241,0.691425397908,0.749057724873,0.947576503449,20,cosine,True,100k_KNNBaseline_Results.csv
242,0.696104873037,0.745368834833,0.942816545351,30,cosine,True,100k_KNNBaseline_Results.csv
243,0.696287316923,0.744106386427,0.941328349891,40,cosine,True,100k_KNNBaseline_Results.csv
244,0.696560576961,0.743840890061,0.940987760001,50,cosine,True,100k_KNNBaseline_Results.csv
245,0.696116308178,0.744027020546,0.941220247716,60,cosine,True,100k_KNNBaseline_Results.csv
246,0.696149918377,0.744187223776,0.941512203643,70,cosine,True,100k_KNNBaseline_Results.csv
247,0.695370324057,0.744545639603,0.942063219944,80,cosine,True,100k_KNNBaseline_Results.csv
248,0.694482243169,0.744819504874,0.942560646195,90,cosine,True,100k_KNNBaseline_Results.csv
249,0.694318169334,0.745175767383,0.942910363782,100,cosine,True,100k_KNNBaseline_Results.csv
250,0.639719303755,0.788154297032,0.997222401017,10,cosine,False,100k_KNNBaseline_Results.csv
251,0.662973083016,0.76383970363,0.966184199968,20,cosine,False,100k_KNNBaseline_Results.csv
252,0.673181239364,0.754921096707,0.955880978013,30,cosine,False,100k_KNNBaseline_Results.csv
253,0.679378283089,0.750499831044,0.950852749485,40,cosine,False,100k_KNNBaseline_Results.csv
254,0.683418077379,0.748251435403,0.947834739187,50,cosine,False,100k_KNNBaseline_Results.csv
255,0.68619241486,0.746902640216,0.946332702244,60,cosine,False,100k_KNNBaseline_Results.csv
256,0.687816059034,0.746471538113,0.945757621161,70,cosine,False,100k_KNNBaseline_Results.csv
257,0.688991388213,0.746290949709,0.945511072833,80,cosine,False,100k_KNNBaseline_Results.csv
258,0.689355272162,0.746401503693,0.945482669764,90,cosine,False,100k_KNNBaseline_Results.csv
259,0.690000671932,0.746600637528,0.945552462039,100,cosine,False,100k_KNNBaseline_Results.csv
260,0.680423800667,0.756673746251,0.95910328654,10,msd,True,100k_KNNBaseline_Results.csv
261,0.693064534603,0.743518925927,0.942648182579,20,msd,True,100k_KNNBaseline_Results.csv
262,0.697239692313,0.740405156152,0.93868847548,30,msd,True,100k_KNNBaseline_Results.csv
263,0.697582101631,0.7394898329,0.937380418895,40,msd,True,100k_KNNBaseline_Results.csv
264,0.696702222145,0.739670623767,0.937426575128,50,msd,True,100k_KNNBaseline_Results.csv
265,0.696876481067,0.740062033801,0.937662193146,60,msd,True,100k_KNNBaseline_Results.csv
266,0.697033230723,0.740465798118,0.938095986776,70,msd,True,100k_KNNBaseline_Results.csv
267,0.696749356869,0.740756530292,0.938461940316,80,msd,True,100k_KNNBaseline_Results.csv
268,0.696317563679,0.741103331948,0.938869162541,90,msd,True,100k_KNNBaseline_Results.csv
269,0.695545026591,0.741534051275,0.939335405973,100,msd,True,100k_KNNBaseline_Results.csv
270,0.658055344757,0.76545715758,0.97367721201,10,msd,False,100k_KNNBaseline_Results.csv
271,0.674807284229,0.747172716464,0.949635051958,20,msd,False,100k_KNNBaseline_Results.csv
272,0.681810227211,0.742199936762,0.943080819832,30,msd,False,100k_KNNBaseline_Results.csv
273,0.685302025395,0.740394662739,0.94024287255,40,msd,False,100k_KNNBaseline_Results.csv
274,0.687573463439,0.73976119305,0.938900194404,50,msd,False,100k_KNNBaseline_Results.csv
275,0.689206913534,0.739577941765,0.938557953275,60,msd,False,100k_KNNBaseline_Results.csv
276,0.689960050241,0.7395860499,0.938445134149,70,msd,False,100k_KNNBaseline_Results.csv
277,0.690552906214,0.739882174016,0.938671888512,80,msd,False,100k_KNNBaseline_Results.csv
278,0.690950820153,0.740242152701,0.93893657024,90,msd,False,100k_KNNBaseline_Results.csv
279,0.690833605218,0.740633446404,0.939276102092,100,msd,False,100k_KNNBaseline_Results.csv
280,0.683962021321,0.760721832087,0.965617467234,10,pearson,True,100k_KNNBaseline_Results.csv
281,0.695040978346,0.746357622995,0.947252235467,20,pearson,True,100k_KNNBaseline_Results.csv
282,0.699650760524,0.741850016843,0.942026577278,30,pearson,True,100k_KNNBaseline_Results.csv
283,0.700377229971,0.740520022536,0.940463873604,40,pearson,True,100k_KNNBaseline_Results.csv
284,0.700245900749,0.739887914979,0.939684357154,50,pearson,True,100k_KNNBaseline_Results.csv
285,0.700177457141,0.739769106342,0.939492708681,60,pearson,True,100k_KNNBaseline_Results.csv
286,0.700283981178,0.739802133428,0.939452637454,70,pearson,True,100k_KNNBaseline_Results.csv
287,0.700160425136,0.739786616535,0.939428874593,80,pearson,True,100k_KNNBaseline_Results.csv
288,0.700024077367,0.739840029369,0.939484361633,90,pearson,True,100k_KNNBaseline_Results.csv
289,0.700005691558,0.739907216992,0.939546306772,100,pearson,True,100k_KNNBaseline_Results.csv
290,0.649961325088,0.777971349566,0.985436469401,10,pearson,False,100k_KNNBaseline_Results.csv
291,0.6725088778,0.75708014403,0.958771561039,20,pearson,False,100k_KNNBaseline_Results.csv
292,0.681541423852,0.750648154436,0.951018801495,30,pearson,False,100k_KNNBaseline_Results.csv
293,0.686849426519,0.74761177999,0.947332441533,40,pearson,False,100k_KNNBaseline_Results.csv
294,0.689923714412,0.746108528995,0.945627269359,50,pearson,False,100k_KNNBaseline_Results.csv
295,0.69163190334,0.745262763751,0.944670281372,60,pearson,False,100k_KNNBaseline_Results.csv
296,0.692745617407,0.74477890235,0.944116585608,70,pearson,False,100k_KNNBaseline_Results.csv
297,0.693793436004,0.744461609553,0.943716153289,80,pearson,False,100k_KNNBaseline_Results.csv
298,0.694464206845,0.744296649586,0.943455408943,90,pearson,False,100k_KNNBaseline_Results.csv
299,0.69505108821,0.744198414979,0.943296207866,100,pearson,False,100k_KNNBaseline_Results.csv
300,0.696881501088,0.743255013976,0.947925992382,10,pearson_baseline,True,100k_KNNBaseline_Results.csv
301,0.702631389679,0.733761462699,0.935168514193,20,pearson_baseline,True,100k_KNNBaseline_Results.csv
302,0.703707599444,0.732476934814,0.932947790049,30,pearson_baseline,True,100k_KNNBaseline_Results.csv
303,0.704352351814,0.732184387602,0.932353126291,40,pearson_baseline,True,100k_KNNBaseline_Results.csv
304,0.704261798599,0.732158491305,0.932189713365,50,pearson_baseline,True,100k_KNNBaseline_Results.csv
305,0.704357222606,0.73238586724,0.932290170658,60,pearson_baseline,True,100k_KNNBaseline_Results.csv
306,0.704274936585,0.732550284022,0.932392156857,70,pearson_baseline,True,100k_KNNBaseline_Results.csv
307,0.70420420791,0.732657562523,0.932453125307,80,pearson_baseline,True,100k_KNNBaseline_Results.csv
308,0.704215916682,0.732735217598,0.932508216186,90,pearson_baseline,True,100k_KNNBaseline_Results.csv
309,0.704147700574,0.732790601634,0.932546113438,100,pearson_baseline,True,100k_KNNBaseline_Results.csv
310,0.702556913497,0.736808616766,0.942791456089,10,pearson_baseline,False,100k_KNNBaseline_Results.csv
311,0.70974501138,0.730753091692,0.932801757356,20,pearson_baseline,False,100k_KNNBaseline_Results.csv
312,0.71175969251,0.729827175378,0.930572705145,30,pearson_baseline,False,100k_KNNBaseline_Results.csv
313,0.711909684928,0.729764293951,0.92998120115,40,pearson_baseline,False,100k_KNNBaseline_Results.csv
314,0.711846661279,0.729989870517,0.929931954255,50,pearson_baseline,False,100k_KNNBaseline_Results.csv
315,0.71116173021,0.73021959521,0.930039320435,60,pearson_baseline,False,100k_KNNBaseline_Results.csv
316,0.710740528625,0.730430296843,0.930183148542,70,pearson_baseline,False,100k_KNNBaseline_Results.csv
317,0.710475594934,0.730608120782,0.930305816511,80,pearson_baseline,False,100k_KNNBaseline_Results.csv
318,0.710380181011,0.730681566834,0.930344865368,90,pearson_baseline,False,100k_KNNBaseline_Results.csv
319,0.71008658406,0.730741976605,0.930399557031,100,pearson_baseline,False,100k_KNNBaseline_Results.csv
